,win_rate,standard_error,n_wins,n_wins_base,n_draws,n_total,mode,avg_length
625,64.0,6.857142857142856,32,18,0,50,verified,1242
75,46.0,7.119963311072637,23,27,0,50,verified,1099
5,42.0,7.050835816716037,21,29,0,50,verified,1277
375,32.0,6.663945022680343,16,34,0,50,verified,1316
