,win_rate,standard_error,n_wins,n_wins_base,n_draws,n_total,mode,avg_length
625,62.0,6.934092056863769,31,19,0,50,verified,1242
5,46.0,7.119963311072637,23,27,0,50,verified,1277
75,46.0,7.119963311072637,23,27,0,50,verified,1099
